petlovewwwpetlovecombr1,1571182982.663,1571182983.267
petlovewwwpetlovecombr2,1571183021.099,1571183021.451
alibabawwwalibabacom1,1571183058.132,1571183059.414
alibabawwwalibabacom2,1571183097.249,1571183097.904
nylonnyloncom1,1571183137.629,1571183138.256
nylonnyloncom2,1571183177.451,1571183177.966
zumatawwwzumatacom1,1571183216.932,1571183219.397
zumatawwwzumatacom2,1571183253.034,1571183253.57
slateslatecom1,1571183287.556,1571183288.606
slateslatecom2,1571183327.134,1571183327.791
smashingmagazinewwwsmashingmagazinecom1,1571183366.073,1571183366.709
smashingmagazinewwwsmashingmagazinecom2,1571183399.991,1571183400.384
edgyedgyapp1,1571183433.799,1571183434.007
edgyedgyapp2,1571183468.348,1571183468.505
soundslicewwwsoundslicecom1,1571183502.486,1571183502.782
soundslicewwwsoundslicecom2,1571183536.47,1571183536.567
tourismuswwwnrw-tourismusde1,1571183570.439,1571183570.981
tourismuswwwnrw-tourismusde2,1571183605.62,1571183606.046
treebowwwtreebocom1,1571183640.284,1571183641.111
treebowwwtreebocom2,1571183675.407,1571183676.04
