petlovewwwpetlovecombr1,1571180776.276,1571180776.878
petlovewwwpetlovecombr2,1571180814.063,1571180814.314
alibabawwwalibabacom1,1571180851.373,1571180852.016
alibabawwwalibabacom2,1571180891.248,1571180891.816
nylonnyloncom1,1571180931.968,1571180932.518
nylonnyloncom2,1571180972.974,1571180973.445
zumatawwwzumatacom1,1571181013.379,1571181015.537
zumatawwwzumatacom2,1571181049.674,1571181050.369
slateslatecom1,1571181084.717,1571181085.5
slateslatecom2,1571181124.593,1571181125.24
smashingmagazinewwwsmashingmagazinecom1,1571181164.843,1571181165.492
smashingmagazinewwwsmashingmagazinecom2,1571181199.03,1571181199.401
edgyedgyapp1,1571181232.559,1571181232.791
edgyedgyapp2,1571181267.165,1571181267.328
soundslicewwwsoundslicecom1,1571181300.477,1571181300.754
soundslicewwwsoundslicecom2,1571181334.518,1571181334.617
tourismuswwwnrw-tourismusde1,1571181368.432,1571181368.967
tourismuswwwnrw-tourismusde2,1571181403.735,1571181404.162
